{"stats":{"minecraft:used":{"minecraft:acacia_boat":6,"minecraft:stone_sword":109,"minecraft:stone_pickaxe":37,"minecraft:baked_potato":12,"minecraft:shield":17,"minecraft:wooden_pickaxe":3,"minecraft:iron_sword":103,"minecraft:leather_boots":1,"minecraft:rotten_flesh":39,"minecraft:cookie":14,"minecraft:torch":35,"minecraft:dirt":1,"minecraft:spyglass":32,"minecraft:mutton":1,"minecraft:crafting_table":2,"minecraft:carrot":3,"minecraft:crossbow":4,"minecraft:apple":2,"minecraft:bread":8,"minecraft:suspicious_stew":1,"minecraft:lectern":1,"minecraft:stone_axe":77,"minecraft:sweet_berries":2,"minecraft:goat_horn":10,"comforts:sleeping_bag_white":3,"farmersdelight:fruit_salad":5,"minecraft:potato":2,"minecraft:acacia_planks":7,"minecraft:experience_bottle":1},"minecraft:killed_by":{"minecraft:vex":1},"minecraft:broken":{"minecraft:leather_boots":1},"minecraft:custom":{"minecraft:mob_kills":52,"minecraft:interact_with_crafting_table":9,"minecraft:open_barrel":22,"minecraft:bell_ring":3,"minecraft:eat_cake_slice":4,"minecraft:leave_game":4,"minecraft:time_since_death":1850,"minecraft:sleep_in_bed":4,"minecraft:climb_one_cm":3165,"minecraft:time_since_rest":1874,"minecraft:sprint_one_cm":319026,"minecraft:damage_taken":2755,"minecraft:walk_one_cm":256712,"minecraft:damage_blocked_by_shield":1165,"minecraft:drop":25,"minecraft:damage_dealt":10317,"minecraft:swim_one_cm":498,"minecraft:talked_to_villager":4,"minecraft:fly_one_cm":431915,"minecraft:raid_win":1,"minecraft:open_chest":44,"minecraft:deaths":1,"minecraft:crouch_one_cm":5621,"minecraft:play_time":93343,"minecraft:sneak_time":1730,"minecraft:walk_under_water_one_cm":2654,"minecraft:boat_one_cm":440255,"minecraft:interact_with_lectern":1,"minecraft:jump":1581,"minecraft:interact_with_blast_furnace":1,"minecraft:walk_on_water_one_cm":23059,"minecraft:total_world_time":93343,"minecraft:fall_one_cm":85727},"minecraft:picked_up":{"minecraft:wheat":44,"minecraft:chicken":3,"simplehats:hatbag_rare":4,"minecraft:wooden_pickaxe":1,"minecraft:acacia_boat":6,"minecraft:dirt":11,"minecraft:wooden_sword":1,"minecraft:leather_boots":1,"minecraft:wheat_seeds":89,"comforts:sleeping_bag_white":4,"minecraft:spruce_planks":3,"minecraft:iron_ingot":7,"minecraft:beef":4,"minecraft:written_book":1,"simplehats:hatbag_uncommon":1,"minecraft:lectern":1,"minecraft:acacia_sapling":3,"minecraft:dark_oak_sapling":9,"minecraft:stick":27,"simplehats:hatbag_common":3,"minecraft:sweet_berries":2,"minecraft:bowl":1,"minecraft:torch":5,"minecraft:acacia_log":24,"minecraft:spruce_stairs":1,"minecraft:blast_furnace":1,"minecraft:dark_oak_log":28,"minecraft:leather_helmet":1,"minecraft:stone_sword":1,"minecraft:rotten_flesh":33,"minecraft:stone_axe":1,"minecraft:emerald":6,"minecraft:baked_potato":14,"minecraft:white_wool":1,"minecraft:mutton":1,"minecraft:coal":7,"minecraft:cobblestone":15},"minecraft:dropped":{"minecraft:iron_ingot":2,"minecraft:compass":1,"minecraft:wheat_seeds":31,"minecraft:stone_sword":1,"minecraft:bowl":1,"minecraft:chicken":3,"minecraft:iron_helmet":1,"minecraft:acacia_log":10,"minecraft:leather_helmet":1,"minecraft:stick":14,"minecraft:iron_leggings":1,"minecraft:wooden_sword":1,"comforts:sleeping_bag_white":1,"minecraft:beef":1,"minecraft:wooden_pickaxe":2,"minecraft:white_wool":1},"minecraft:crafted":{"minecraft:crafting_table":2,"minecraft:wooden_pickaxe":1,"minecraft:iron_sword":1,"minecraft:stone_axe":1,"minecraft:acacia_boat":1,"minecraft:shield":1,"minecraft:stick":8,"minecraft:stone_pickaxe":1,"minecraft:iron_leggings":1,"minecraft:acacia_planks":56,"minecraft:torch":24},"minecraft:killed":{"illagerinvasion:archivist":2,"minecraft:evoker":1,"minecraft:pig":1,"minecraft:vindicator":1,"illagerinvasion:basher":2,"creeperoverhaul:bamboo_creeper":1,"minecraft:sheep":2,"minecraft:pillager":8,"minecraft:zombie":24,"minecraft:chicken":1,"minecraft:cow":9},"minecraft:mined":{"minecraft:spruce_planks":3,"minecraft:potted_brown_mushroom":1,"minecraft:dark_oak_log":1,"minecraft:blast_furnace":1,"minecraft:acacia_log":3,"minecraft:grass_block":6,"minecraft:lectern":1,"minecraft:tall_grass":9,"minecraft:cobblestone":2,"minecraft:quartz_bricks":5,"minecraft:wall_torch":4,"minecraft:chiseled_stone_bricks":1,"minecraft:spawner":2,"minecraft:spruce_stairs":1,"farmersdelight:wild_rice":4,"minecraft:wheat":45,"minecraft:sweet_berry_bush":3,"treechop:chopped_log":4,"minecraft:grass":19,"minecraft:coal_ore":7,"minecraft:dirt":5,"minecraft:stone_bricks":2,"minecraft:polished_andesite":1,"minecraft:stone":15,"minecraft:oak_leaves":1,"minecraft:fern":7}},"DataVersion":3465}