{"stats":{"minecraft:used":{"minecraft:acacia_boat":3,"minecraft:stone_sword":80,"minecraft:stone_pickaxe":9,"minecraft:wooden_pickaxe":9,"minecraft:rotten_flesh":1,"minecraft:torch":1,"minecraft:dirt":9,"minecraft:apple":5,"minecraft:bread":9,"minecraft:stone_axe":8,"minecraft:wooden_sword":4,"minecraft:sweet_berries":12},"minecraft:killed_by":{"minecraft:zombie":1,"minecraft:drowned":1},"minecraft:custom":{"minecraft:mob_kills":15,"minecraft:interact_with_crafting_table":4,"minecraft:open_barrel":2,"minecraft:leave_game":11,"minecraft:time_since_death":15337,"minecraft:climb_one_cm":568,"minecraft:time_since_rest":15373,"minecraft:sprint_one_cm":132189,"minecraft:damage_taken":1171,"minecraft:walk_one_cm":87230,"minecraft:drop":11,"minecraft:damage_dealt":3026,"minecraft:swim_one_cm":15888,"minecraft:fly_one_cm":124644,"minecraft:open_chest":14,"minecraft:crouch_one_cm":2038,"minecraft:play_time":45504,"minecraft:deaths":2,"minecraft:sneak_time":842,"minecraft:walk_under_water_one_cm":5870,"minecraft:boat_one_cm":239211,"minecraft:jump":668,"minecraft:walk_on_water_one_cm":16625,"minecraft:total_world_time":45504,"minecraft:fall_one_cm":15600},"minecraft:picked_up":{"minecraft:iron_chestplate":1,"farmersdelight:rice":2,"minecraft:leather":4,"minecraft:brown_mushroom":57,"minecraft:filled_map":1,"minecraft:oak_log":16,"minecraft:acacia_boat":3,"minecraft:dirt":12,"minecraft:iron_axe":1,"minecraft:iron_leggings":1,"universal_graves:grave_compass":1,"minecraft:bone":4,"minecraft:acacia_planks":2,"minecraft:apple":5,"minecraft:wheat_seeds":8,"minecraft:beef":9,"minecraft:iron_nugget":6,"simplehats:villagernose":1,"minecraft:stick":6,"simplehats:hatbag_common":1,"minecraft:sweet_berries":12,"minecraft:torch":4,"minecraft:acacia_log":1,"simplehats:propelhat":1,"minecraft:rotten_flesh":5,"minecraft:emerald":1,"minecraft:oak_sapling":2,"minecraft:white_wool":1,"minecraft:cobblestone":10},"minecraft:dropped":{"simplehats:villagernose":1,"minecraft:wheat_seeds":8,"universal_graves:grave_compass":1,"minecraft:oak_sapling":2,"minecraft:wooden_sword":1,"minecraft:wooden_pickaxe":1,"minecraft:acacia_planks":2,"minecraft:bone":2},"minecraft:crafted":{"minecraft:wooden_sword":1,"minecraft:oak_planks":24,"minecraft:wooden_pickaxe":1,"minecraft:stone_axe":1,"minecraft:stick":4,"minecraft:stone_pickaxe":1,"minecraft:stone_sword":1},"minecraft:killed":{"minecraft:zombie_villager":1,"minecraft:vindicator":1,"minecraft:sheep":1,"minecraft:skeleton":1,"minecraft:zombie":8,"minecraft:cow":3},"minecraft:mined":{"minecraft:torch":1,"minecraft:grass_block":5,"minecraft:glass":1,"minecraft:tall_grass":1,"minecraft:kelp":1,"minecraft:wall_torch":2,"minecraft:spawner":6,"minecraft:large_fern":2,"minecraft:sweet_berry_bush":6,"minecraft:lilac":2,"treechop:chopped_log":2,"minecraft:grass":11,"minecraft:dirt":5,"minecraft:acacia_planks":1,"minecraft:stone":9,"minecraft:oak_leaves":1}},"DataVersion":3465}