{"stats":{"minecraft:mined":{"minecraft:grass":1,"minecraft:grass_block":1},"minecraft:custom":{"minecraft:jump":12,"minecraft:time_since_rest":4692,"minecraft:damage_dealt":15,"minecraft:leave_game":10,"minecraft:play_time":4692,"minecraft:sprint_one_cm":238,"minecraft:time_since_death":4692,"minecraft:walk_one_cm":9303,"minecraft:sneak_time":2,"minecraft:total_world_time":4692,"minecraft:fly_one_cm":248},"minecraft:picked_up":{"minecraft:dirt":1},"minecraft:used":{"minecraft:dirt":1}},"DataVersion":3465}