{"stats":{"minecraft:used":{"minecraft:stone_sword":4,"minecraft:wooden_pickaxe":10,"minecraft:torch":4,"minecraft:golden_apple":1,"minecraft:spyglass":1,"minecraft:crafting_table":1,"minecraft:bread":1,"minecraft:melon_slice":17,"minecraft:iron_pickaxe":4,"minecraft:totem_of_undying":1,"minecraft:stone_axe":90,"minecraft:oak_sapling":39,"comforts:sleeping_bag_white":1,"farmersdelight:fruit_salad":4,"minecraft:experience_bottle":2},"minecraft:custom":{"minecraft:mob_kills":14,"minecraft:interact_with_crafting_table":3,"minecraft:open_barrel":12,"minecraft:time_since_death":25970,"minecraft:sleep_in_bed":1,"minecraft:climb_one_cm":1663,"minecraft:time_since_rest":17328,"minecraft:sprint_one_cm":129754,"minecraft:damage_absorbed":40,"minecraft:damage_taken":812,"minecraft:walk_one_cm":83088,"minecraft:drop":30,"minecraft:damage_dealt":2356,"minecraft:swim_one_cm":611,"minecraft:fly_one_cm":141310,"minecraft:raid_win":1,"minecraft:open_chest":17,"minecraft:crouch_one_cm":1000,"minecraft:play_time":25970,"minecraft:sneak_time":343,"minecraft:walk_under_water_one_cm":68,"minecraft:boat_one_cm":8134,"minecraft:jump":533,"minecraft:walk_on_water_one_cm":714,"minecraft:total_world_time":25970,"minecraft:fall_one_cm":20274},"minecraft:picked_up":{"minecraft:charcoal":2,"minecraft:crafting_table":1,"minecraft:wheat":11,"minecraft:feather":3,"minecraft:chicken":3,"simplehats:hatbag_rare":1,"minecraft:oak_log":54,"minecraft:dirt":19,"minecraft:paper":1,"minecraft:white_banner":2,"minecraft:apple":5,"simplehats:cyclopseye":1,"minecraft:wheat_seeds":6,"comforts:sleeping_bag_white":1,"minecraft:beef":3,"minecraft:iron_pickaxe":1,"minecraft:iron_nugget":4,"simplehats:hatbag_uncommon":1,"simplehats:toptophathat":1,"minecraft:melon_slice":113,"minecraft:sugar_cane":6,"simplehats:vikinghatbeard":1,"minecraft:egg":2,"minecraft:spruce_pressure_plate":1,"minecraft:stick":25,"minecraft:chiseled_stone_bricks":4,"minecraft:quartz_bricks":2,"minecraft:arrow":3,"minecraft:totem_of_undying":1,"minecraft:golden_apple":1,"minecraft:saddle":1,"minecraft:emerald":4,"minecraft:oak_sapling":39,"minecraft:cobblestone":8,"minecraft:coal":1,"minecraft:iron_bars":2},"minecraft:dropped":{"minecraft:sweet_berries":2,"minecraft:wheat_seeds":6,"minecraft:wheat":11,"simplehats:toptophathat":1,"minecraft:chicken":3,"minecraft:feather":3,"minecraft:apple":5,"minecraft:quartz_bricks":2,"minecraft:carrot":3,"minecraft:chiseled_stone_bricks":2,"minecraft:melon_slice":25,"minecraft:spruce_pressure_plate":1,"minecraft:iron_bars":2,"minecraft:stone_pickaxe":1,"minecraft:wooden_pickaxe":1,"minecraft:egg":2},"minecraft:crafted":{"minecraft:oak_planks":40,"minecraft:crafting_table":1,"minecraft:wooden_pickaxe":1,"minecraft:stone_axe":1,"minecraft:stick":4,"minecraft:stone_pickaxe":1,"minecraft:stone_sword":1,"minecraft:torch":4},"minecraft:killed":{"minecraft:evoker":1,"minecraft:vindicator":4,"illagerinvasion:basher":1,"minecraft:pillager":4,"minecraft:chicken":3,"illagerinvasion:provoker":1},"minecraft:mined":{"minecraft:crafting_table":1,"minecraft:grass_block":3,"minecraft:melon":17,"minecraft:campfire":1,"minecraft:sugar_cane":2,"minecraft:chiseled_stone_bricks":4,"treechop:chopped_log":6,"minecraft:grass":7,"minecraft:coal_ore":1,"minecraft:oak_log":1,"minecraft:dirt":16,"minecraft:white_banner":1,"minecraft:stone":8,"minecraft:fern":4}},"DataVersion":3465}