{"stats":{"minecraft:used":{"minecraft:diorite_stairs":1,"minecraft:shield":3,"vinery:jungle_grapes_red":1,"minecraft:bell":1,"minecraft:rotten_flesh":6,"minecraft:torch":28,"minecraft:dirt":1,"minecraft:spyglass":28,"minecraft:carrot":4,"minecraft:acacia_sapling":9,"minecraft:dark_oak_planks":15,"minecraft:iron_axe":10,"minecraft:stone_bricks":4,"minecraft:beef":3,"minecraft:furnace":1,"minecraft:goat_horn":14,"minecraft:oak_sapling":1,"brewery:hops":1,"comforts:sleeping_bag_white":4,"minecraft:egg":5,"minecraft:potato":12,"minecraft:acacia_planks":29,"minecraft:iron_leggings":1,"minecraft:acacia_boat":5,"minecraft:cobblestone_stairs":1,"minecraft:stone_pickaxe":4,"minecraft:polished_andesite":1,"minecraft:baked_potato":5,"minecraft:wooden_pickaxe":6,"minecraft:crafting_table":4,"minecraft:crossbow":1,"minecraft:warped_planks":12,"minecraft:apple":8,"minecraft:bread":22,"minecraft:iron_pickaxe":23,"minecraft:stone_axe":89,"minecraft:chiseled_stone_bricks":4,"minecraft:diamond_sword":125,"minecraft:white_banner":2,"farmersdelight:fruit_salad":5,"minecraft:bone_meal":24},"minecraft:custom":{"minecraft:interact_with_smithing_table":1,"minecraft:mob_kills":57,"minecraft:inspect_hopper":1,"minecraft:interact_with_crafting_table":12,"minecraft:open_barrel":21,"minecraft:bell_ring":8,"minecraft:leave_game":3,"minecraft:time_since_death":94433,"minecraft:climb_one_cm":783,"minecraft:sprint_one_cm":232703,"minecraft:walk_one_cm":226320,"minecraft:damage_blocked_by_shield":190,"minecraft:drop":51,"minecraft:talked_to_villager":3,"minecraft:raid_win":1,"minecraft:play_time":94433,"minecraft:sneak_time":1081,"minecraft:walk_under_water_one_cm":1506,"minecraft:boat_one_cm":425613,"minecraft:jump":2056,"minecraft:interact_with_blast_furnace":1,"minecraft:walk_on_water_one_cm":29161,"minecraft:total_world_time":94433,"minecraft:interact_with_furnace":14,"minecraft:raid_trigger":1,"minecraft:sleep_in_bed":4,"minecraft:time_since_rest":17328,"minecraft:damage_taken":2090,"minecraft:damage_dealt":12209,"minecraft:fly_one_cm":403843,"minecraft:open_chest":63,"minecraft:crouch_one_cm":3044,"minecraft:fall_one_cm":58092},"minecraft:picked_up":{"minecraft:chicken":3,"simplehats:hatbag_rare":1,"minecraft:brown_mushroom":1,"minecraft:wooden_pickaxe":2,"minecraft:string":1,"minecraft:wooden_sword":2,"minecraft:iron_leggings":1,"minecraft:zombie_head":1,"minecraft:cobbled_deepslate":8,"minecraft:stripped_warped_stem":3,"comforts:sleeping_bag_white":4,"minecraft:beef":26,"minecraft:iron_nugget":17,"minecraft:poppy":2,"minecraft:iron_pickaxe":1,"minecraft:sugar_cane":2,"minecraft:egg":2,"minecraft:dark_oak_sapling":13,"minecraft:stick":3,"simplehats:hatbag_common":3,"minecraft:torch":2,"minecraft:acacia_log":20,"simplehats:propelhat":1,"minecraft:green_banner":1,"minecraft:arrow":2,"minecraft:rotten_flesh":10,"simplehats:chickenonhead":3,"minecraft:totem_of_undying":1,"minecraft:cobblestone":12,"minecraft:feather":3,"simplehats:poofballhat":1,"minecraft:leather":16,"minecraft:potato":38,"minecraft:acacia_boat":5,"minecraft:cobblestone_stairs":1,"minecraft:dirt":1,"minecraft:diorite_stairs":1,"minecraft:paper":1,"minecraft:white_banner":2,"simplehats:hatbag_epic":1,"minecraft:leather_boots":1,"simplehats:burning_m_bison":1,"minecraft:acacia_planks":1,"minecraft:apple":7,"minecraft:stone_bricks":4,"minecraft:wheat_seeds":8,"minecraft:bell":1,"minecraft:iron_ingot":5,"simplehats:hatbag_uncommon":1,"simplehats:easterhead":1,"minecraft:bamboo":2,"minecraft:acacia_sapling":9,"minecraft:book":23,"minecraft:chiseled_stone_bricks":6,"minecraft:blast_furnace":2,"minecraft:dark_oak_log":70,"simplehats:headshot":1,"minecraft:quartz_bricks":4,"minecraft:polished_andesite":1,"vinery:jungle_grapes_red":2,"minecraft:iron_helmet":1,"minecraft:crossbow":2,"minecraft:emerald":5,"minecraft:oak_sapling":1},"minecraft:dropped":{"minecraft:acacia_boat":1,"minecraft:brown_mushroom":1,"minecraft:wheat_seeds":8,"minecraft:baked_potato":14,"simplehats:poofballhat":1,"minecraft:cobblestone":6,"minecraft:book":2,"minecraft:apple":2,"minecraft:golden_apple":1,"minecraft:leather_helmet":1,"minecraft:dark_oak_log":6,"minecraft:zombie_head":1,"minecraft:iron_leggings":1,"minecraft:wooden_sword":2,"minecraft:iron_axe":1,"minecraft:iron_pickaxe":1,"minecraft:paper":1,"vinery:jungle_grapes_red":1,"simplehats:headshot":1,"simplehats:propelhat":1,"minecraft:compass":1,"minecraft:iron_nugget":17,"minecraft:bowl":5,"minecraft:rotten_flesh":1,"minecraft:filled_map":1,"minecraft:poppy":2,"minecraft:iron_chestplate":1,"minecraft:leather_boots":3,"simplehats:chickenonhead":3,"minecraft:arrow":3,"minecraft:stone_pickaxe":1,"minecraft:wooden_pickaxe":3},"minecraft:crafted":{"minecraft:furnace":1,"minecraft:bone_meal":24,"minecraft:warped_planks":12,"minecraft:stone_pickaxe":1,"minecraft:dark_oak_planks":72,"minecraft:crossbow":1,"minecraft:crafting_table":4,"minecraft:wooden_pickaxe":1,"minecraft:baked_potato":29,"minecraft:stone_axe":1,"minecraft:bread":3,"minecraft:acacia_boat":2,"minecraft:air":0,"minecraft:shield":2,"minecraft:stick":12,"minecraft:iron_ingot":3,"minecraft:iron_pickaxe":1,"minecraft:iron_leggings":1,"minecraft:acacia_planks":80,"minecraft:torch":20},"minecraft:killed":{"illagerinvasion:archivist":2,"minecraft:vindicator":5,"illagerinvasion:basher":1,"illagerinvasion:provoker":4,"minecraft:drowned":3,"minecraft:iron_golem":1,"minecraft:ravager":1,"minecraft:pillager":11,"minecraft:zombie":17,"minecraft:cow":10},"minecraft:mined":{"minecraft:stripped_warped_stem":3,"minecraft:dark_oak_leaves":2,"minecraft:cobblestone_stairs":1,"minecraft:grass_block":1,"minecraft:diorite_stairs":1,"minecraft:chiseled_stone_bricks":3,"minecraft:large_fern":1,"farmersdelight:wild_onions":1,"minecraft:cobbled_deepslate":8,"treechop:chopped_log":4,"minecraft:bell":1,"minecraft:bookshelf":7,"minecraft:potatoes":10,"minecraft:iron_bars":1,"minecraft:stone":6,"minecraft:tripwire":1,"minecraft:acacia_leaves":6,"minecraft:blast_furnace":2,"minecraft:tall_grass":8,"minecraft:cobblestone":4,"minecraft:sugar_cane":1,"minecraft:wall_torch":2,"minecraft:green_banner":1,"minecraft:wheat":2,"minecraft:birch_leaves":3,"minecraft:grass":11,"minecraft:dirt":1,"minecraft:acacia_planks":1,"minecraft:stone_bricks":5,"minecraft:fern":1}},"DataVersion":3465}