{"stats":{"minecraft:mined":{"minecraft:tall_grass":1,"minecraft:grass":1,"minecraft:acacia_leaves":6},"minecraft:custom":{"minecraft:time_since_rest":4392,"minecraft:damage_dealt":193,"minecraft:damage_taken":50,"minecraft:leave_game":2,"minecraft:play_time":4392,"minecraft:sprint_one_cm":165,"minecraft:time_since_death":4392,"minecraft:walk_one_cm":9067,"minecraft:total_world_time":4392,"minecraft:mob_kills":1,"minecraft:fly_one_cm":248,"minecraft:jump":12},"minecraft:picked_up":{"simplehats:chickenonhead":1,"simplehats:hatbag_uncommon":1},"minecraft:used":{"minecraft:spyglass":3},"minecraft:killed":{"minecraft:zombie":1}},"DataVersion":3465}