{"stats":{"minecraft:killed":{"minecraft:zombie":1},"minecraft:used":{"minecraft:spyglass":1},"minecraft:picked_up":{"simplehats:chickenonhead":1,"simplehats:hatbag_uncommon":1},"minecraft:mined":{"minecraft:tall_grass":1,"minecraft:grass":1,"minecraft:acacia_leaves":6},"minecraft:custom":{"minecraft:jump":12,"minecraft:time_since_rest":3122,"minecraft:damage_dealt":193,"minecraft:leave_game":1,"minecraft:sprint_one_cm":165,"minecraft:play_time":3122,"minecraft:damage_taken":50,"minecraft:time_since_death":3122,"minecraft:walk_one_cm":8961,"minecraft:total_world_time":3122,"minecraft:mob_kills":1,"minecraft:fly_one_cm":248}},"DataVersion":3465}