{
  "mcwfences:recipes/dark_oak": {
    "criteria": {
      "has_dark_oak": "2024-05-12 02:02:33 +0000"
    },
    "done": true
  },
  "mcwfences:recipes/crimson": {
    "criteria": {
      "has_crimson": "2024-05-12 02:02:33 +0000"
    },
    "done": true
  },
  "create:root": {
    "criteria": {
      "0": "2024-05-12 02:02:33 +0000"
    },
    "done": true
  },
  "simplyswords:grant_book_on_first_join": {
    "criteria": {
      "tick": "2024-05-12 02:02:33 +0000"
    },
    "done": true
  },
  "minecraft:recipes/decorations/crafting_table": {
    "criteria": {
      "unlock_right_away": "2024-05-12 02:02:33 +0000"
    },
    "done": true
  },
  "mcwfences:recipes/jungle": {
    "criteria": {
      "has_jungle": "2024-05-12 02:02:33 +0000"
    },
    "done": true
  },
  "naturalist:recipes/food/cooked_egg": {
    "criteria": {
      "has_eggs": "2024-05-12 02:02:33 +0000"
    },
    "done": true
  },
  "toms_storage:unlock_netherite": {
    "criteria": {
      "inv_changed-netherite": "2024-05-12 02:02:33 +0000"
    },
    "done": true
  },
  "mcwfences:recipes/warped": {
    "criteria": {
      "has_warped": "2024-05-12 02:02:33 +0000"
    },
    "done": true
  },
  "toms_storage:unlock_chest": {
    "criteria": {
      "inv_changed-chest": "2024-05-12 02:02:33 +0000"
    },
    "done": true
  },
  "betterdungeons:root": {
    "criteria": {
      "always": "2024-05-12 02:02:33 +0000"
    },
    "done": true
  },
  "mcwfences:recipes/birch": {
    "criteria": {
      "has_birch": "2024-05-12 02:02:33 +0000"
    },
    "done": true
  },
  "minecraft:clutter/root": {
    "criteria": {
      "requirement": "2024-05-12 02:02:33 +0000"
    },
    "done": true
  },
  "mcwfences:recipes/stone": {
    "criteria": {
      "has_stone": "2024-05-12 02:02:33 +0000"
    },
    "done": true
  },
  "mcwfences:recipes/sandstone": {
    "criteria": {
      "has_sand": "2024-05-12 02:02:33 +0000"
    },
    "done": true
  },
  "ubesdelight:main/root": {
    "criteria": {
      "ud_root": "2024-05-12 02:02:33 +0000"
    },
    "done": true
  },
  "mcwfences:recipes/acacia": {
    "criteria": {
      "has_acacia": "2024-05-12 02:02:33 +0000"
    },
    "done": true
  },
  "mcwfences:recipes/oak": {
    "criteria": {
      "has_oak": "2024-05-12 02:02:33 +0000"
    },
    "done": true
  },
  "mcwfences:recipes/hedge": {
    "criteria": {
      "has_birch": "2024-05-12 02:02:33 +0000"
    },
    "done": true
  },
  "herbalbrews:main/root": {
    "criteria": {
      "seeds": "2024-05-12 02:02:33 +0000"
    },
    "done": true
  },
  "vinery:main/root": {
    "criteria": {
      "seeds": "2024-05-12 02:02:33 +0000"
    },
    "done": true
  },
  "toms_storage:unlock_dia_pearl": {
    "criteria": {
      "inv_changed-ender_pearl": "2024-05-12 02:02:33 +0000",
      "inv_changed-diamond": "2024-05-12 02:02:33 +0000"
    },
    "done": true
  },
  "toms_storage:unlock_glowstone": {
    "criteria": {
      "inv_changed-glowstone": "2024-05-12 02:02:33 +0000"
    },
    "done": true
  },
  "mcwfences:recipes/prismarine": {
    "criteria": {
      "has_qq": "2024-05-12 02:02:33 +0000"
    },
    "done": true
  },
  "mcwfences:recipes/quartz": {
    "criteria": {
      "has_qq": "2024-05-12 02:02:33 +0000"
    },
    "done": true
  },
  "beautify:progression/root": {
    "criteria": {
      "Install": "2024-05-12 02:02:33 +0000"
    },
    "done": true
  },
  "mcwfences:recipes/mangrove": {
    "criteria": {
      "has_mangrove": "2024-05-12 02:02:33 +0000"
    },
    "done": true
  },
  "mcwfences:recipes/nether": {
    "criteria": {
      "has_nether_brick": "2024-05-12 02:02:33 +0000"
    },
    "done": true
  },
  "incendium:technical/new_player": {
    "criteria": {
      "requirement": "2024-05-12 02:02:33 +0000"
    },
    "done": true
  },
  "mcwfences:recipes/bamboo": {
    "criteria": {
      "has_bamboo": "2024-05-12 02:02:33 +0000"
    },
    "done": true
  },
  "mcwfences:recipes/spruce": {
    "criteria": {
      "has_spruce": "2024-05-12 02:02:33 +0000"
    },
    "done": true
  },
  "niftycarts:recipes/supply_cart": {
    "criteria": {
      "has_wheel": "2024-05-12 02:02:33 +0000"
    },
    "done": true
  },
  "bakery:main/root": {
    "criteria": {
      "seeds": "2024-05-12 02:02:33 +0000"
    },
    "done": true
  },
  "niftycarts:recipes/plow": {
    "criteria": {
      "has_wheel": "2024-05-12 02:02:33 +0000"
    },
    "done": true
  },
  "xercamusic:achievements/root": {
    "criteria": {
      "crafting_table": "2024-05-12 02:02:33 +0000"
    },
    "done": true
  },
  "mcwfences:recipes/end": {
    "criteria": {
      "has_end_brick": "2024-05-12 02:02:33 +0000"
    },
    "done": true
  },
  "mcwfences:recipes/mud_brick": {
    "criteria": {
      "has_qq": "2024-05-12 02:02:33 +0000"
    },
    "done": true
  },
  "lootr:root": {
    "criteria": {
      "always_true": "2024-05-12 02:02:33 +0000"
    },
    "done": true
  },
  "mcwfences:recipes/blackstone": {
    "criteria": {
      "has_blackstone": "2024-05-12 02:02:33 +0000"
    },
    "done": true
  },
  "mcwfences:recipes/deepslate": {
    "criteria": {
      "has_deepslate": "2024-05-12 02:02:33 +0000"
    },
    "done": true
  },
  "farmersdelight:main/root": {
    "criteria": {
      "seeds": "2024-05-12 02:02:33 +0000"
    },
    "done": true
  },
  "brewery:main/root": {
    "criteria": {
      "seeds": "2024-05-12 02:02:33 +0000"
    },
    "done": true
  },
  "exposure:recipes/tools/camera": {
    "criteria": {
      "has_iron": "2024-05-12 02:02:33 +0000"
    },
    "done": true
  },
  "candlelight:main/root": {
    "criteria": {
      "seeds": "2024-05-12 02:02:33 +0000"
    },
    "done": true
  },
  "things:root": {
    "criteria": {
      "tick": "2024-05-12 02:02:33 +0000"
    },
    "done": true
  },
  "niftycarts:recipes/animal_cart": {
    "criteria": {
      "has_wheel": "2024-05-12 02:02:33 +0000"
    },
    "done": true
  },
  "betterend:root": {
    "criteria": {
      "welcome": "2024-05-12 02:02:34 +0000"
    },
    "done": true
  },
  "incendium:technical/using/ragnarok": {
    "criteria": {
      "log_spam_fixer": "2024-05-12 02:02:34 +0000"
    },
    "done": false
  },
  "incendium:technical/using/shield": {
    "criteria": {
      "log_spam_fixer": "2024-05-12 02:02:34 +0000"
    },
    "done": false
  },
  "incendium:technical/scroll_of_returning": {
    "criteria": {
      "log_spam_fixer": "2024-05-12 02:02:34 +0000"
    },
    "done": false
  },
  "incendium:technical/using/trailblazer": {
    "criteria": {
      "log_spam_fixer": "2024-05-12 02:02:34 +0000"
    },
    "done": false
  },
  "minecraft:adventure/adventuring_time": {
    "criteria": {
      "minecraft:birch_forest": "2024-05-12 02:02:34 +0000"
    },
    "done": false
  },
  "vinery:recipes/dirt_slab": {
    "criteria": {
      "has_dirt": "2024-05-12 02:14:51 +0000"
    },
    "done": true
  },
  "supplementaries:recipes/flower_box": {
    "criteria": {
      "has_dirt": "2024-05-12 02:14:51 +0000"
    },
    "done": true
  },
  "incendium:technical/sentrys_wrath": {
    "criteria": {
      "log_spam_fixer": "2024-05-12 02:15:14 +0000"
    },
    "done": false
  },
  "incendium:technical/on_kill": {
    "criteria": {
      "log_spam_fixer": "2024-05-12 02:15:14 +0000"
    },
    "done": false
  },
  "incendium:technical/on_inventory_change": {
    "criteria": {
      "log_spam_fixer": "2024-05-12 02:15:14 +0000"
    },
    "done": false
  },
  "incendium:technical/holy_wrath": {
    "criteria": {
      "log_spam_fixer": "2024-05-12 02:15:14 +0000"
    },
    "done": false
  },
  "incendium:technical/on_block": {
    "criteria": {
      "log_spam_fixer": "2024-05-12 02:15:14 +0000"
    },
    "done": false
  },
  "incendium:technical/feed_ghastling": {
    "criteria": {
      "log_spam_fixer": "2024-05-12 02:15:14 +0000"
    },
    "done": false
  },
  "incendium:technical/inventory/firestorm": {
    "criteria": {
      "log_spam_fixer": "2024-05-12 02:15:14 +0000"
    },
    "done": false
  },
  "incendium:technical/give_ghastling": {
    "criteria": {
      "log_spam_fixer": "2024-05-12 02:15:14 +0000"
    },
    "done": false
  },
  "incendium:technical/multiplex_crossbow": {
    "criteria": {
      "log_spam_fixer": "2024-05-12 02:15:14 +0000"
    },
    "done": false
  },
  "incendium:technical/on_player_hurt": {
    "criteria": {
      "log_spam_fixer": "2024-05-12 02:15:14 +0000"
    },
    "done": false
  },
  "incendium:technical/inventory/sentrys_wrath": {
    "criteria": {
      "log_spam_fixer": "2024-05-12 02:15:14 +0000"
    },
    "done": false
  },
  "incendium:technical/firestorm": {
    "criteria": {
      "log_spam_fixer": "2024-05-12 02:15:14 +0000"
    },
    "done": false
  },
  "lootr:1barrel": {
    "criteria": {
      "opened_barrel": "2024-05-12 02:15:48 +0000"
    },
    "done": true
  },
  "lootr:social": {
    "criteria": {
      "opened_barrel": "2024-05-12 02:15:48 +0000"
    },
    "done": false
  },
  "beautify:rope": {
    "criteria": {
      "requirement": "2024-05-12 02:15:49 +0000"
    },
    "done": true
  },
  "minecraft:recipes/redstone/tripwire_hook": {
    "criteria": {
      "has_string": "2024-05-12 02:15:49 +0000"
    },
    "done": true
  },
  "minecraft:recipes/decorations/candle": {
    "criteria": {
      "has_string": "2024-05-12 02:15:49 +0000"
    },
    "done": true
  },
  "clutter:recipes/misc/butterfly_wings": {
    "criteria": {
      "has_item": "2024-05-12 02:15:49 +0000"
    },
    "done": true
  },
  "minecraft:recipes/combat/bow": {
    "criteria": {
      "has_string": "2024-05-12 02:15:49 +0000"
    },
    "done": true
  },
  "minecraft:recipes/misc/bone_meal": {
    "criteria": {
      "has_bone": "2024-05-12 02:15:49 +0000"
    },
    "done": true
  },
  "supplementaries:recipes/bomb": {
    "criteria": {
      "has_string": "2024-05-12 02:15:49 +0000"
    },
    "done": true
  },
  "clutter:recipes/misc/viking_helmet": {
    "criteria": {
      "has_bone": "2024-05-12 02:15:49 +0000"
    },
    "done": true
  },
  "supplementaries:recipes/slingshot": {
    "criteria": {
      "has_string": "2024-05-12 02:15:49 +0000"
    },
    "done": true
  },
  "minecraft:recipes/combat/crossbow": {
    "criteria": {
      "has_string": "2024-05-12 02:15:49 +0000"
    },
    "done": true
  },
  "supplementaries:recipes/sack": {
    "criteria": {
      "has_string": "2024-05-12 02:15:49 +0000"
    },
    "done": true
  },
  "minecraft:recipes/tools/fishing_rod": {
    "criteria": {
      "has_string": "2024-05-12 02:15:49 +0000"
    },
    "done": true
  },
  "ubesdelight:recipes/food/farmersdelight/cooking/bulalo_from_cooking_pot": {
    "criteria": {
      "has_bones": "2024-05-12 02:15:49 +0000"
    },
    "done": true
  },
  "minecraft:recipes/building_blocks/white_wool_from_string": {
    "criteria": {
      "has_string": "2024-05-12 02:15:49 +0000"
    },
    "done": true
  },
  "minecraft:recipes/decorations/loom": {
    "criteria": {
      "has_string": "2024-05-12 02:15:49 +0000"
    },
    "done": true
  },
  "farmersdelight:recipes/farmersdelight/cooking/bone_broth": {
    "criteria": {
      "has_bone": "2024-05-12 02:15:49 +0000"
    },
    "done": true
  },
  "create:recipes/misc/crafting/appliances/tree_fertilizer": {
    "criteria": {
      "has_item": "2024-05-12 02:15:50 +0000"
    },
    "done": true
  },
  "supplementaries:recipes/blackboard": {
    "criteria": {
      "supplementaries:blackboard_white": "2024-05-12 02:15:50 +0000"
    },
    "done": true
  },
  "minecraft:recipes/misc/white_dye": {
    "criteria": {
      "has_bone_meal": "2024-05-12 02:15:50 +0000"
    },
    "done": true
  },
  "betterend:recipes/misc/sulphur_gunpowder": {
    "criteria": {
      "has_bone_meal": "2024-05-12 02:15:50 +0000"
    },
    "done": true
  },
  "supplementaries:recipes/planter_rich": {
    "criteria": {
      "has_bone_meal": "2024-05-12 02:15:50 +0000"
    },
    "done": true
  },
  "farmersdelight:recipes/farmersdelight/cooking/dog_food": {
    "criteria": {
      "has_any_ingredient": "2024-05-12 02:15:50 +0000"
    },
    "done": true
  },
  "minecraft:recipes/building_blocks/bone_block": {
    "criteria": {
      "has_bone_meal": "2024-05-12 02:15:50 +0000"
    },
    "done": true
  },
  "xercapaint:recipes/item_canvas": {
    "criteria": {
      "has_item": "2024-05-12 02:15:53 +0000"
    },
    "done": true
  },
  "candlelight:recipes/letter_open": {
    "criteria": {
      "has_paper": "2024-05-12 02:15:53 +0000"
    },
    "done": true
  },
  "create:recipes/misc/crafting/schematics/empty_schematic": {
    "criteria": {
      "has_item": "2024-05-12 02:15:53 +0000"
    },
    "done": true
  },
  "supplementaries:recipes/notice_board": {
    "criteria": {
      "has_paper": "2024-05-12 02:15:53 +0000"
    },
    "done": true
  },
  "spiceoffabric:recipes/paper_bag": {
    "criteria": {
      "has_paper": "2024-05-12 02:15:53 +0000"
    },
    "done": true
  },
  "candlelight:recipes/napkin": {
    "criteria": {
      "has_paper": "2024-05-12 02:15:53 +0000"
    },
    "done": true
  },
  "supplementaries:recipes/candy": {
    "criteria": {
      "has_paper": "2024-05-12 02:15:53 +0000"
    },
    "done": true
  },
  "supplementaries:recipes/present": {
    "criteria": {
      "has_paper": "2024-05-12 02:15:53 +0000"
    },
    "done": true
  },
  "twigs:recipes/paper_lanterns/paper_lantern": {
    "criteria": {
      "has_item": "2024-05-12 02:15:53 +0000"
    },
    "done": true
  },
  "minecraft:recipes/misc/book": {
    "criteria": {
      "has_paper": "2024-05-12 02:15:53 +0000"
    },
    "done": true
  },
  "clutter:recipes/misc/cardboard_box": {
    "criteria": {
      "has_paper": "2024-05-12 02:15:53 +0000"
    },
    "done": true
  },
  "candlelight:recipes/love_letter_open": {
    "criteria": {
      "has_paper": "2024-05-12 02:15:53 +0000"
    },
    "done": true
  },
  "create:recipes/misc/crafting/schematics/schematic_and_quill": {
    "criteria": {
      "has_item": "2024-05-12 02:15:53 +0000"
    },
    "done": true
  },
  "clutter:recipes/misc/red_present": {
    "criteria": {
      "has_paper": "2024-05-12 02:15:53 +0000"
    },
    "done": true
  },
  "create:recipes/misc/crafting/materials/sand_paper": {
    "criteria": {
      "has_item": "2024-05-12 02:15:53 +0000"
    },
    "done": true
  },
  "create:recipes/misc/crafting/materials/red_sand_paper": {
    "criteria": {
      "has_item": "2024-05-12 02:15:53 +0000"
    },
    "done": true
  },
  "xercamusic:recipes/music_sheet": {
    "criteria": {
      "has_item": "2024-05-12 02:15:53 +0000"
    },
    "done": true
  },
  "minecraft:recipes/decorations/cartography_table": {
    "criteria": {
      "has_paper": "2024-05-12 02:15:53 +0000"
    },
    "done": true
  },
  "candlelight:recipes/table_sign": {
    "criteria": {
      "has_paper": "2024-05-12 02:15:53 +0000"
    },
    "done": true
  },
  "minecraft:recipes/misc/iron_nugget_from_smelting": {
    "criteria": {
      "has_iron_pickaxe": "2024-05-12 02:16:09 +0000"
    },
    "done": true
  },
  "minecraft:story/iron_tools": {
    "criteria": {
      "iron_pickaxe": "2024-05-12 02:16:09 +0000"
    },
    "done": true
  },
  "minecraft:recipes/misc/iron_nugget_from_blasting": {
    "criteria": {
      "has_iron_pickaxe": "2024-05-12 02:16:09 +0000"
    },
    "done": true
  },
  "minecraft:recipes/decorations/chest": {
    "criteria": {
      "has_lots_of_items": "2024-05-12 02:16:10 +0000"
    },
    "done": true
  },
  "minecraft:recipes/misc/gold_nugget": {
    "criteria": {
      "has_gold_ingot": "2024-05-12 02:16:11 +0000"
    },
    "done": true
  },
  "minecraft:recipes/tools/golden_shovel": {
    "criteria": {
      "has_gold_ingot": "2024-05-12 02:16:11 +0000"
    },
    "done": true
  },
  "minecraft:recipes/food/golden_apple": {
    "criteria": {
      "has_gold_ingot": "2024-05-12 02:16:11 +0000"
    },
    "done": true
  },
  "minecraft:recipes/combat/golden_boots": {
    "criteria": {
      "has_gold_ingot": "2024-05-12 02:16:11 +0000"
    },
    "done": true
  },
  "minecraft:recipes/combat/golden_chestplate": {
    "criteria": {
      "has_gold_ingot": "2024-05-12 02:16:11 +0000"
    },
    "done": true
  },
  "clutter:recipes/misc/tiara": {
    "criteria": {
      "has_gold_ingot": "2024-05-12 02:16:11 +0000"
    },
    "done": true
  },
  "clutter:recipes/misc/crown": {
    "criteria": {
      "has_gold_ingot": "2024-05-12 02:16:11 +0000"
    },
    "done": true
  },
  "spiceoffabric:recipes/lunch_box": {
    "criteria": {
      "has_gold": "2024-05-12 02:16:11 +0000"
    },
    "done": true
  },
  "minecraft:recipes/combat/golden_sword": {
    "criteria": {
      "has_gold_ingot": "2024-05-12 02:16:11 +0000"
    },
    "done": true
  },
  "minecraft:recipes/building_blocks/gold_block": {
    "criteria": {
      "has_gold_ingot": "2024-05-12 02:16:11 +0000"
    },
    "done": true
  },
  "supplementaries:recipes/hourglass": {
    "criteria": {
      "has_gold_ingot": "2024-05-12 02:16:11 +0000"
    },
    "done": true
  },
  "minecraft:recipes/combat/golden_helmet": {
    "criteria": {
      "has_gold_ingot": "2024-05-12 02:16:11 +0000"
    },
    "done": true
  },
  "supplementaries:recipes/gold_trapdoor": {
    "criteria": {
      "has_gold_ingot": "2024-05-12 02:16:11 +0000"
    },
    "done": true
  },
  "barteringstation:recipes/decorations/bartering_station": {
    "criteria": {
      "has_gold_ingot": "2024-05-12 02:16:11 +0000"
    },
    "done": true
  },
  "minecraft:recipes/tools/golden_hoe": {
    "criteria": {
      "has_gold_ingot": "2024-05-12 02:16:11 +0000"
    },
    "done": true
  },
  "supplementaries:recipes/gold_door": {
    "criteria": {
      "has_gold_ingot": "2024-05-12 02:16:11 +0000"
    },
    "done": true
  },
  "minecraft:recipes/tools/golden_axe": {
    "criteria": {
      "has_gold_ingot": "2024-05-12 02:16:11 +0000"
    },
    "done": true
  },
  "minecraft:recipes/tools/golden_pickaxe": {
    "criteria": {
      "has_gold_ingot": "2024-05-12 02:16:11 +0000"
    },
    "done": true
  },
  "minecraft:recipes/redstone/light_weighted_pressure_plate": {
    "criteria": {
      "has_gold_ingot": "2024-05-12 02:16:11 +0000"
    },
    "done": true
  },
  "alloy_forgery:recipes/alloy_forgery/gold_block": {
    "criteria": {
      "has_the_recipe": "2024-05-12 02:16:11 +0000"
    },
    "done": true
  },
  "vinery:recipes/vinemaker_leggings": {
    "criteria": {
      "has_gold_ingot": "2024-05-12 02:16:11 +0000"
    },
    "done": true
  },
  "betterend:recipes/misc/golden_hammer": {
    "criteria": {
      "has_gold_ingot": "2024-05-12 02:16:11 +0000"
    },
    "done": true
  },
  "betterend:recipes/misc/gold_chandelier": {
    "criteria": {
      "has_gold_ingot": "2024-05-12 02:16:11 +0000"
    },
    "done": true
  },
  "candlelight:recipes/chefs_pants": {
    "criteria": {
      "has_gold_ingot": "2024-05-12 02:16:11 +0000"
    },
    "done": true
  },
  "supplementaries:recipes/key": {
    "criteria": {
      "has_gold_ingot": "2024-05-12 02:16:11 +0000"
    },
    "done": true
  },
  "farmersdelight:recipes/farmersdelight/golden_knife": {
    "criteria": {
      "has_gold_ingot": "2024-05-12 02:16:11 +0000"
    },
    "done": true
  },
  "minecraft:recipes/combat/golden_leggings": {
    "criteria": {
      "has_gold_ingot": "2024-05-12 02:16:11 +0000"
    },
    "done": true
  },
  "DataVersion": 3465
}